{"cameraMode":{"drawMode":0,"name":"Shaded","section":"Shading Mode"},"sceneLighting":true,"audioPlay":false,"sceneViewState":{"showFog":true,"showMaterialUpdate":true,"showSkybox":true,"showFlares":true,"showImageEffects":true,"showParticleSystems":true},"in2DMode":false,"pivot":{"x":0.7711445093154907,"y":-1.6315404176712037,"z":-0.8685854077339172},"rotation":{"x":-0.028060749173164369,"y":0.9261381030082703,"z":-0.3697115182876587,"w":-0.07042344659566879},"size":15.428123474121094,"orthographic":false}