{"cameraMode":{"drawMode":0,"name":"Shaded","section":"Shading Mode"},"sceneLighting":true,"audioPlay":false,"sceneViewState":{"showFog":false,"showMaterialUpdate":false,"showSkybox":false,"showFlares":false,"showImageEffects":false,"showParticleSystems":false},"in2DMode":false,"pivot":{"x":0.4096927046775818,"y":0.2806779146194458,"z":0.08774396777153015},"rotation":{"x":0.003023090772330761,"y":0.9633017778396606,"z":-0.26847919821739199,"w":0.010705707594752312},"size":8.534582138061524,"orthographic":false}