{"cameraMode":{"drawMode":0,"name":"Shaded","section":"Shading Mode"},"sceneLighting":true,"audioPlay":false,"sceneViewState":{"showFog":false,"showMaterialUpdate":false,"showSkybox":false,"showFlares":false,"showImageEffects":false,"showParticleSystems":false},"in2DMode":false,"pivot":{"x":0.3491346836090088,"y":1.6493449211120606,"z":0.2087925374507904},"rotation":{"x":0.06364379823207855,"y":0.9344684481620789,"z":-0.21416491270065309,"w":0.2774425148963928},"size":9.346358299255371,"orthographic":false}