{"cameraMode":{"drawMode":0,"name":"Shaded","section":"Shading Mode"},"sceneLighting":true,"audioPlay":false,"sceneViewState":{"showFog":false,"showMaterialUpdate":false,"showSkybox":false,"showFlares":false,"showImageEffects":false,"showParticleSystems":false},"in2DMode":false,"pivot":{"x":0.677617073059082,"y":0.7420632839202881,"z":-0.05629274994134903},"rotation":{"x":-0.005420873407274485,"y":0.9891677498817444,"z":-0.14223289489746095,"w":-0.03798467665910721},"size":6.454590797424316,"orthographic":false}