{"cameraMode":{"drawMode":0,"name":"Shaded","section":"Shading Mode"},"sceneLighting":false,"audioPlay":false,"sceneViewState":{"showFog":false,"showMaterialUpdate":false,"showSkybox":false,"showFlares":false,"showImageEffects":false,"showParticleSystems":false},"in2DMode":false,"pivot":{"x":4.500000476837158,"y":1.7311445474624634,"z":0.021976709365844728},"rotation":{"x":-0.000049596637836657465,"y":0.9991841912269592,"z":-0.04079904407262802,"w":-0.0011970441555604339},"size":3.7483317852020265,"orthographic":false}