{"cameraMode":{"drawMode":0,"name":"Shaded","section":"Shading Mode"},"sceneLighting":true,"audioPlay":false,"sceneViewState":{"showFog":true,"showMaterialUpdate":true,"showSkybox":true,"showFlares":true,"showImageEffects":true,"showParticleSystems":true},"in2DMode":false,"pivot":{"x":635.6072387695313,"y":427.2179870605469,"z":-198.69483947753907},"rotation":{"x":-0.004444360267370939,"y":0.9914510846138,"z":-0.03452117741107941,"w":-0.1264597475528717},"size":1932.950927734375,"orthographic":false}