{"cameraMode":{"drawMode":0,"name":"Shaded","section":"Shading Mode"},"sceneLighting":true,"audioPlay":false,"sceneViewState":{"showFog":true,"showMaterialUpdate":true,"showSkybox":true,"showFlares":true,"showImageEffects":true,"showParticleSystems":true},"in2DMode":false,"pivot":{"x":0.15496642887592317,"y":-0.7510012984275818,"z":-2.473210573196411},"rotation":{"x":0.002947472035884857,"y":0.9692227840423584,"z":-0.24676451086997987,"w":0.007709042634814978},"size":2679.91357421875,"orthographic":false}