{"cameraMode":{"drawMode":0,"name":"Shaded","section":"Shading Mode"},"sceneLighting":true,"audioPlay":false,"sceneViewState":{"showFog":true,"showMaterialUpdate":true,"showSkybox":true,"showFlares":true,"showImageEffects":true,"showParticleSystems":true},"in2DMode":false,"pivot":{"x":-12.867515563964844,"y":-10.332930564880371,"z":-9.23579216003418},"rotation":{"x":-0.0912523940205574,"y":0.899567723274231,"z":-0.3622439503669739,"w":-0.22671790421009065},"size":32.60858917236328,"orthographic":false}