{"cameraMode":{"drawMode":0,"name":"Shaded","section":"Shading Mode"},"sceneLighting":false,"audioPlay":false,"sceneViewState":{"showFog":true,"showMaterialUpdate":true,"showSkybox":false,"showFlares":true,"showImageEffects":true,"showParticleSystems":true},"in2DMode":false,"pivot":{"x":1.4538617134094239,"y":3.795891284942627,"z":-3.2742629051208498},"rotation":{"x":-0.0013045379891991616,"y":-1.0001696348190308,"z":0.007805332075804472,"w":-0.005833514034748077},"size":9.366873741149903,"orthographic":false}