{"cameraMode":{"drawMode":0,"name":"Shaded","section":"Shading Mode"},"sceneLighting":false,"audioPlay":false,"sceneViewState":{"showFog":true,"showMaterialUpdate":true,"showSkybox":false,"showFlares":true,"showImageEffects":true,"showParticleSystems":true},"in2DMode":false,"pivot":{"x":-0.05064346641302109,"y":2.5433130264282228,"z":4.6106157302856449},"rotation":{"x":0.00384310819208622,"y":0.989143431186676,"z":-0.1467573046684265,"w":0.019848542287945749},"size":3.8836872577667238,"orthographic":false}