{"cameraMode":{"drawMode":0,"name":"Shaded","section":"Shading Mode"},"sceneLighting":true,"audioPlay":false,"sceneViewState":{"showFog":false,"showMaterialUpdate":false,"showSkybox":false,"showFlares":false,"showImageEffects":false,"showParticleSystems":false},"in2DMode":false,"pivot":{"x":0.21901679039001466,"y":0.2097330093383789,"z":-0.5391738414764404},"rotation":{"x":-0.0012761617545038462,"y":0.9910902380943298,"z":-0.1334155946969986,"w":-0.009793844074010849},"size":5.105186462402344,"orthographic":false}