{"cameraMode":{"drawMode":0,"name":"Shaded","section":"Shading Mode"},"sceneLighting":true,"audioPlay":false,"sceneViewState":{"showFog":false,"showMaterialUpdate":false,"showSkybox":false,"showFlares":false,"showImageEffects":false,"showParticleSystems":false},"in2DMode":false,"pivot":{"x":-0.4289076328277588,"y":0.19851700961589814,"z":0.02019628882408142},"rotation":{"x":0.005259483586996794,"y":0.968878448009491,"z":-0.24668258428573609,"w":0.020640704780817033},"size":7.22700309753418,"orthographic":false}