{"cameraMode":{"drawMode":0,"name":"Shaded","section":"Shading Mode"},"sceneLighting":true,"audioPlay":false,"sceneViewState":{"showFog":true,"showMaterialUpdate":true,"showSkybox":true,"showFlares":true,"showImageEffects":true,"showParticleSystems":true},"in2DMode":false,"pivot":{"x":-0.11143827438354492,"y":-1.4157748222351075,"z":-0.7627005577087402},"rotation":{"x":-0.15489903092384339,"y":0.8403654098510742,"z":-0.3151889741420746,"w":-0.41308894753456118},"size":7.745573043823242,"orthographic":false}