{"cameraMode":{"drawMode":0,"name":"Shaded","section":"Shading Mode"},"sceneLighting":true,"audioPlay":false,"sceneViewState":{"showFog":true,"showMaterialUpdate":true,"showSkybox":true,"showFlares":true,"showImageEffects":true,"showParticleSystems":true},"in2DMode":false,"pivot":{"x":-1.8231793642044068,"y":-0.707930326461792,"z":0.5719441771507263},"rotation":{"x":0.059437960386276248,"y":-0.8975178003311157,"z":0.41805362701416018,"w":0.12767814099788667},"size":9.939775466918946,"orthographic":false}