{"cameraMode":{"drawMode":0,"name":"Shaded","section":"Shading Mode"},"sceneLighting":true,"audioPlay":false,"sceneViewState":{"showFog":false,"showMaterialUpdate":false,"showSkybox":false,"showFlares":false,"showImageEffects":false,"showParticleSystems":false},"in2DMode":false,"pivot":{"x":-0.20504355430603028,"y":0.1630007028579712,"z":0.22618114948272706},"rotation":{"x":-0.0002271426928928122,"y":0.9641534090042114,"z":-0.2656020224094391,"w":-0.0008477763622067869},"size":6.875079154968262,"orthographic":false}