{"cameraMode":{"drawMode":0,"name":"Shaded","section":"Shading Mode"},"sceneLighting":true,"audioPlay":false,"sceneViewState":{"showFog":false,"showMaterialUpdate":false,"showSkybox":false,"showFlares":false,"showImageEffects":false,"showParticleSystems":false},"in2DMode":false,"pivot":{"x":0.840327262878418,"y":0.25407838821411135,"z":0.08450105786323548},"rotation":{"x":-0.000991729786619544,"y":0.9661117792129517,"z":-0.2583621144294739,"w":-0.0037489510141313078},"size":6.6013898849487309,"orthographic":false}