{"cameraMode":{"drawMode":0,"name":"Shaded","section":"Shading Mode"},"sceneLighting":false,"audioPlay":false,"sceneViewState":{"showFog":false,"showMaterialUpdate":false,"showSkybox":false,"showFlares":false,"showImageEffects":false,"showParticleSystems":false},"in2DMode":false,"pivot":{"x":-2.301766872406006,"y":0.9511830806732178,"z":2.8812384605407717},"rotation":{"x":-0.000049596637836657465,"y":0.9991841912269592,"z":-0.04079904407262802,"w":-0.0011970441555604339},"size":5.452976703643799,"orthographic":false}