{"cameraMode":{"drawMode":0,"name":"Shaded","section":"Shading Mode"},"sceneLighting":true,"audioPlay":false,"sceneViewState":{"showFog":true,"showMaterialUpdate":true,"showSkybox":true,"showFlares":true,"showImageEffects":true,"showParticleSystems":true},"in2DMode":false,"pivot":{"x":0.8502752780914307,"y":-2.2005114555358888,"z":-2.873695135116577},"rotation":{"x":-0.01432616263628006,"y":-0.9729344248771668,"z":0.22446124255657197,"w":-0.05654230713844299},"size":13.383082389831543,"orthographic":false}