{"cameraMode":{"drawMode":0,"name":"Shaded","section":"Shading Mode"},"sceneLighting":true,"audioPlay":false,"sceneViewState":{"showFog":true,"showMaterialUpdate":true,"showSkybox":true,"showFlares":true,"showImageEffects":true,"showParticleSystems":true},"in2DMode":false,"pivot":{"x":6.888213634490967,"y":-1.7079086303710938,"z":-0.10636353492736817},"rotation":{"x":-0.05615660920739174,"y":0.901559054851532,"z":-0.4110942482948303,"w":-0.12328138202428818},"size":11.907326698303223,"orthographic":false}