{"cameraMode":{"drawMode":0,"name":"Shaded","section":"Shading Mode"},"sceneLighting":true,"audioPlay":false,"sceneViewState":{"showFog":true,"showMaterialUpdate":true,"showSkybox":true,"showFlares":true,"showImageEffects":true,"showParticleSystems":true},"in2DMode":false,"pivot":{"x":1.1116331815719605,"y":2.1169605255126955,"z":-2.9480512142181398},"rotation":{"x":0.006011090241372585,"y":-0.9202562570571899,"z":0.017345132306218149,"w":0.3914463520050049},"size":10.263205528259278,"orthographic":false}