{"cameraMode":{"drawMode":0,"name":"Shaded","section":"Shading Mode"},"sceneLighting":false,"audioPlay":false,"sceneViewState":{"showFog":true,"showMaterialUpdate":true,"showSkybox":false,"showFlares":true,"showImageEffects":true,"showParticleSystems":true},"in2DMode":false,"pivot":{"x":-0.09700000286102295,"y":0.4189999997615814,"z":1.1160000562667847},"rotation":{"x":-0.028248600661754609,"y":-0.9732345938682556,"z":0.14408177137374879,"w":-0.17815662920475007},"size":2.520181179046631,"orthographic":false}