{"cameraMode":{"drawMode":0,"name":"Shaded","section":"Shading Mode"},"sceneLighting":false,"audioPlay":false,"sceneViewState":{"showFog":true,"showMaterialUpdate":true,"showSkybox":false,"showFlares":true,"showImageEffects":true,"showParticleSystems":true},"in2DMode":false,"pivot":{"x":2.052999973297119,"y":2.803999900817871,"z":-1.4919999837875367},"rotation":{"x":0.013289728201925755,"y":-0.9180156588554382,"z":0.03381083533167839,"w":0.3953816294670105},"size":2.4825174808502199,"orthographic":false}