{"cameraMode":{"drawMode":0,"name":"Shaded","section":"Shading Mode"},"sceneLighting":true,"audioPlay":false,"sceneViewState":{"showFog":false,"showMaterialUpdate":false,"showSkybox":false,"showFlares":false,"showImageEffects":false,"showParticleSystems":false},"in2DMode":false,"pivot":{"x":1.6975761651992798,"y":0.8347949981689453,"z":1.0766488313674927},"rotation":{"x":0.12192608416080475,"y":0.8721359968185425,"z":-0.2758081555366516,"w":0.3854081630706787},"size":14.305787086486817,"orthographic":false}