{"cameraMode":{"drawMode":0,"name":"Shaded","section":"Shading Mode"},"sceneLighting":true,"audioPlay":false,"sceneViewState":{"showFog":false,"showMaterialUpdate":false,"showSkybox":false,"showFlares":false,"showImageEffects":false,"showParticleSystems":false},"in2DMode":false,"pivot":{"x":-0.15985128283500672,"y":-0.047868575900793079,"z":-0.04520484432578087},"rotation":{"x":0.013469168916344643,"y":0.9387267231941223,"z":-0.3424592912197113,"w":0.03691146522760391},"size":7.01226806640625,"orthographic":false}