{"cameraMode":{"drawMode":0,"name":"Shaded","section":"Shading Mode"},"sceneLighting":true,"audioPlay":false,"sceneViewState":{"showFog":false,"showMaterialUpdate":false,"showSkybox":false,"showFlares":false,"showImageEffects":false,"showParticleSystems":false},"in2DMode":false,"pivot":{"x":-1.6287071704864503,"y":-0.2250782549381256,"z":-0.0384974479675293},"rotation":{"x":-0.006540390197187662,"y":0.9793009757995606,"z":-0.19984981417655946,"w":-0.03203199803829193},"size":10.965230941772461,"orthographic":false}