{"cameraMode":{"drawMode":0,"name":"Shaded","section":"Shading Mode"},"sceneLighting":true,"audioPlay":false,"sceneViewState":{"showFog":true,"showMaterialUpdate":true,"showSkybox":true,"showFlares":true,"showImageEffects":true,"showParticleSystems":true},"in2DMode":false,"pivot":{"x":1.0853320360183716,"y":0.492443323135376,"z":-2.518751621246338},"rotation":{"x":-0.007542589213699102,"y":-0.9935557842254639,"z":0.09439577907323837,"w":-0.0653848871588707},"size":8.062403678894043,"orthographic":false}