{"cameraMode":{"drawMode":0,"name":"Shaded","section":"Shading Mode"},"sceneLighting":true,"audioPlay":false,"sceneViewState":{"showFog":false,"showMaterialUpdate":false,"showSkybox":false,"showFlares":false,"showImageEffects":false,"showParticleSystems":false},"in2DMode":false,"pivot":{"x":0.35117587447166445,"y":1.7529973983764649,"z":1.8529025316238404},"rotation":{"x":0.0438549742102623,"y":-0.9007715582847595,"z":0.42089343070983889,"w":0.100398950278759},"size":8.029422760009766,"orthographic":false}