{"cameraMode":{"drawMode":0,"name":"Shaded","section":"Shading Mode"},"sceneLighting":true,"audioPlay":false,"sceneViewState":{"showFog":true,"showMaterialUpdate":true,"showSkybox":true,"showFlares":true,"showImageEffects":true,"showParticleSystems":true},"in2DMode":false,"pivot":{"x":-0.3862464427947998,"y":0.9363296031951904,"z":0.7695099115371704},"rotation":{"x":-0.05129410699009895,"y":-0.9158811569213867,"z":0.11835918575525284,"w":-0.3808133006095886},"size":10.574995040893555,"orthographic":false}