{"cameraMode":{"drawMode":0,"name":"Shaded","section":"Shading Mode"},"sceneLighting":true,"audioPlay":false,"sceneViewState":{"showFog":true,"showMaterialUpdate":true,"showSkybox":true,"showFlares":true,"showImageEffects":true,"showParticleSystems":true},"in2DMode":false,"pivot":{"x":1.1116331815719605,"y":2.1169605255126955,"z":-2.9480512142181398},"rotation":{"x":-0.0014777033356949688,"y":-0.9999383091926575,"z":0.02130000665783882,"w":-0.010314816609025002},"size":10.263205528259278,"orthographic":false}