{"cameraMode":{"drawMode":0,"name":"Shaded","section":"Shading Mode"},"sceneLighting":true,"audioPlay":false,"sceneViewState":{"showFog":false,"showMaterialUpdate":false,"showSkybox":false,"showFlares":false,"showImageEffects":false,"showParticleSystems":false},"in2DMode":false,"pivot":{"x":0.4096927046775818,"y":0.2806779146194458,"z":0.08774396777153015},"rotation":{"x":-0.006644521374255419,"y":0.9919685125350952,"z":-0.11238323152065277,"w":-0.05897310748696327},"size":3.73457932472229,"orthographic":false}