{"cameraMode":{"drawMode":0,"name":"Shaded","section":"Shading Mode"},"sceneLighting":false,"audioPlay":false,"sceneViewState":{"showFog":false,"showMaterialUpdate":false,"showSkybox":false,"showFlares":false,"showImageEffects":false,"showParticleSystems":false},"in2DMode":false,"pivot":{"x":0.0,"y":0.3799999952316284,"z":4.260000228881836},"rotation":{"x":-0.010717787779867649,"y":-0.9878467917442322,"z":0.14644308388233186,"w":-0.055761728435754779},"size":1.3905036449432374,"orthographic":false}