{"cameraMode":{"drawMode":0,"name":"Shaded","section":"Shading Mode"},"sceneLighting":true,"audioPlay":false,"sceneViewState":{"showFog":false,"showMaterialUpdate":false,"showSkybox":false,"showFlares":false,"showImageEffects":false,"showParticleSystems":false},"in2DMode":false,"pivot":{"x":-0.3578140139579773,"y":0.5438535213470459,"z":2.8812060356140138},"rotation":{"x":-0.010717787779867649,"y":-0.9878467917442322,"z":0.14644308388233186,"w":-0.055761728435754779},"size":5.522764205932617,"orthographic":false}