{"cameraMode":{"drawMode":0,"name":"Shaded","section":"Shading Mode"},"sceneLighting":true,"audioPlay":false,"sceneViewState":{"showFog":true,"showMaterialUpdate":true,"showSkybox":true,"showFlares":true,"showImageEffects":true,"showParticleSystems":true},"in2DMode":false,"pivot":{"x":0.3415018320083618,"y":0.259463906288147,"z":-0.2856254577636719},"rotation":{"x":0.012783857062458992,"y":0.97840815782547,"z":-0.196615070104599,"w":0.06382547318935394},"size":6.985464096069336,"orthographic":false}