{"cameraMode":{"drawMode":0,"name":"Shaded","section":"Shading Mode"},"sceneLighting":false,"audioPlay":false,"sceneViewState":{"showFog":false,"showMaterialUpdate":false,"showSkybox":false,"showFlares":false,"showImageEffects":false,"showParticleSystems":false},"in2DMode":false,"pivot":{"x":-3.0799999237060549,"y":0.9902862310409546,"z":-0.2700004577636719},"rotation":{"x":-0.06903868168592453,"y":0.9305899739265442,"z":-0.23990948498249055,"w":-0.26779472827911379},"size":6.555397987365723,"orthographic":false}