{"cameraMode":{"drawMode":0,"name":"Shaded","section":"Shading Mode"},"sceneLighting":true,"audioPlay":false,"sceneViewState":{"showFog":true,"showMaterialUpdate":true,"showSkybox":true,"showFlares":true,"showImageEffects":true,"showParticleSystems":true},"in2DMode":false,"pivot":{"x":0.17527341842651368,"y":0.8067059516906738,"z":-2.1090149879455568},"rotation":{"x":-0.004444360267370939,"y":0.9914510846138,"z":-0.03452117741107941,"w":-0.1264597475528717},"size":7.726629257202148,"orthographic":false}